{"count":1,"self":18.47308,"total":19.076307999999997,"children":{"InitializeActuators":{"count":2,"self":0.00134,"total":0.00134,"children":null},"InitializeSensors":{"count":2,"self":0.003114,"total":0.003114,"children":null},"AgentSendState":{"count":868,"self":0.0036669999999999997,"total":0.21173799999999998,"children":{"GridSensor.Update":{"count":348,"self":0.15659199999999998,"total":0.15659199999999998,"children":null},"CollectObservations":{"count":348,"self":0.00032199999999999997,"total":0.00032199999999999997,"children":null},"WriteActionMask":{"count":348,"self":0.00045,"total":0.00045,"children":null},"RequestDecision":{"count":348,"self":0.050706999999999995,"total":0.050706999999999995,"children":null}}},"DecideAction":{"count":868,"self":0.143979,"total":0.371592,"children":{"GridSensor.Write":{"count":348,"self":0.22761299999999998,"total":0.22761299999999998,"children":null}}},"AgentAct":{"count":868,"self":0.015085999999999999,"total":0.015085999999999999,"children":null}},"gauges":{},"metadata":{"timer_format_version":"0.1.0","start_time_seconds":"1739899471","unity_version":"6000.0.31f1","command_line_arguments":"\/home\/tero\/Unity\/Hub\/Editor\/6000.0.31f1\/Editor\/Unity -projectpath \/home\/tero\/UnityProjects\/Tanklab -useHub -hubIPC -cloudEnvironment production","communication_protocol_version":"1.5.0","com.unity.ml-agents_version":"3.0.0","scene_name":"TankLab","end_time_seconds":"1739899490"}}