{"count":1,"self":9258.9719551999988,"total":63055.5062758,"children":{"InitializeActuators":{"count":2,"self":0.0009634,"total":0.0009634,"children":null},"InitializeSensors":{"count":2,"self":0.0052016,"total":0.0052016,"children":null},"AgentSendState":{"count":17871157,"self":23606.945382399997,"total":25588.7134334,"children":{"CollectObservations":{"count":7148464,"self":90.8261696,"total":90.8261694,"children":null},"WriteActionMask":{"count":7148464,"self":7.4236879999999994,"total":7.4236882,"children":null},"RequestDecision":{"count":7148464,"self":37.3288544,"total":1883.518341,"children":{"AgentInfo.ToProto":{"count":7148464,"self":31.2924704,"total":1846.189486,"children":{"GenerateSensorData":{"count":7148464,"self":94.6620416,"total":1814.8970153999999,"children":{"CameraSensor.GetCompressedObservation":{"count":7148464,"self":1720.2350079999999,"total":1720.2349752999999,"children":null}}}}}}}}},"DecideAction":{"count":17871157,"self":23157.7387008,"total":23157.7386919,"children":null},"AgentAct":{"count":17871157,"self":5048.2479103999995,"total":5050.074264,"children":{"AgentInfo.ToProto":{"count":7148,"self":0.047506599999999996,"total":1.8264626,"children":{"GenerateSensorData":{"count":7148,"self":0.1015982,"total":1.778956,"children":{"CameraSensor.GetCompressedObservation":{"count":7148,"self":1.6773578,"total":1.6773578,"children":null}}}}}}}},"gauges":{"VisualFoodCollector.CumulativeReward":{"count":7148,"max":332.2179,"min":-561.9364,"runningAverage":61.06033,"value":-3.668209,"weightedAverage":19.9002876}},"metadata":{"timer_format_version":"0.1.0","start_time_seconds":"1741205420","unity_version":"6000.0.31f1","command_line_arguments":"C:\\Program Files\\Unity\\Hub\\Editor\\6000.0.31f1\\Editor\\Unity.exe -projectpath C:\\Users\\QTM\\Desktop\\case2025\\Tanklab -useHub -hubIPC -cloudEnvironment production","communication_protocol_version":"1.5.0","com.unity.ml-agents_version":"3.0.0","scene_name":"Tanklab","end_time_seconds":"1741268475"}}