{"count":1,"self":89285.479628799992,"total":92867.8076882,"children":{"InitializeActuators":{"count":2,"self":0.0020150999999999997,"total":0.0020150999999999997,"children":null},"InitializeSensors":{"count":2,"self":0.0040072,"total":0.0040072,"children":null},"AgentSendState":{"count":4643127,"self":20.922190399999998,"total":1307.4814099,"children":{"GridSensor.Update":{"count":1857252,"self":876.8031744,"total":876.80313979999994,"children":null},"CollectObservations":{"count":1857252,"self":1.6307212999999998,"total":1.6307212999999998,"children":null},"WriteActionMask":{"count":1857252,"self":2.0869139999999997,"total":2.0869139,"children":null},"RequestDecision":{"count":1857252,"self":406.0384512,"total":406.0384448,"children":null}}},"DecideAction":{"count":4643127,"self":369.596416,"total":2155.7241587999997,"children":{"GridSensor.Write":{"count":1857252,"self":1786.1277696,"total":1786.1277453,"children":null}}},"AgentAct":{"count":4643127,"self":118.204224,"total":119.1186458,"children":{"GridSensor.Update":{"count":1856,"self":0.91442609999999991,"total":0.91442609999999991,"children":null}}}},"gauges":{"GridFoodCollector.CumulativeReward":{"count":1856,"max":19,"min":-18,"runningAverage":-0.467672437,"value":0,"weightedAverage":-2.802597E-45}},"metadata":{"timer_format_version":"0.1.0","start_time_seconds":"1739986703","unity_version":"6000.0.31f1","command_line_arguments":"C:\\Program Files\\Unity\\Hub\\Editor\\6000.0.31f1\\Editor\\Unity.exe -projectpath C:\\Users\\QTM\\Desktop\\case2025\\Tanklab -useHub -hubIPC -cloudEnvironment production","communication_protocol_version":"1.5.0","com.unity.ml-agents_version":"3.0.0","scene_name":"TankLab","end_time_seconds":"1740079570"}}