{"count":1,"self":341.0903552,"total":2425.2629251,"children":{"InitializeActuators":{"count":2,"self":0.0019675,"total":0.0019675,"children":null},"InitializeSensors":{"count":2,"self":0.0029995,"total":0.0029995,"children":null},"AgentSendState":{"count":707301,"self":886.8616192,"total":968.93318709999994,"children":{"CollectObservations":{"count":282922,"self":4.1627484,"total":4.1627485,"children":null},"WriteActionMask":{"count":282922,"self":0.29699539999999996,"total":0.29699539999999996,"children":null},"RequestDecision":{"count":282922,"self":1.7411888,"total":77.611781,"children":{"AgentInfo.ToProto":{"count":282922,"self":1.3872734999999998,"total":75.87059219999999,"children":{"GenerateSensorData":{"count":282922,"self":4.3843932,"total":74.4833187,"children":{"CameraSensor.GetCompressedObservation":{"count":282922,"self":70.098924799999992,"total":70.098925499999993,"children":null}}}}}}}}},"DecideAction":{"count":707301,"self":916.03159039999991,"total":916.0316256,"children":null},"AgentAct":{"count":707301,"self":199.1266432,"total":199.2027898,"children":{"AgentInfo.ToProto":{"count":282,"self":0.0040314999999999995,"total":0.0761414,"children":{"GenerateSensorData":{"count":282,"self":0.0050113,"total":0.072109899999999991,"children":{"CameraSensor.GetCompressedObservation":{"count":282,"self":0.0670986,"total":0.0670986,"children":null}}}}}}}},"gauges":{"VisualFoodCollector.CumulativeReward":{"count":282,"max":156.881088,"min":-34.6999969,"runningAverage":37.01182,"value":-10.0909653,"weightedAverage":12.44915}},"metadata":{"timer_format_version":"0.1.0","start_time_seconds":"1741202875","unity_version":"6000.0.31f1","command_line_arguments":"C:\\Program Files\\Unity\\Hub\\Editor\\6000.0.31f1\\Editor\\Unity.exe -projectpath C:\\Users\\QTM\\Desktop\\case2025\\Tanklab -useHub -hubIPC -cloudEnvironment production","communication_protocol_version":"1.5.0","com.unity.ml-agents_version":"3.0.0","scene_name":"Tanklab","end_time_seconds":"1741205300"}}