{"count":1,"self":403.10745599999996,"total":2843.3346641999997,"children":{"InitializeActuators":{"count":3,"self":0.0010026,"total":0.0010026,"children":null},"InitializeSensors":{"count":3,"self":0.0030385,"total":0.0030385,"children":null},"AgentSendState":{"count":1101734,"self":663.09544959999994,"total":820.5744503,"children":{"CollectObservations":{"count":661041,"self":5.9081344,"total":5.9081345999999995,"children":null},"WriteActionMask":{"count":661041,"self":0.4751874,"total":0.4751874,"children":null},"RequestDecision":{"count":661041,"self":2.4619372,"total":151.0956669,"children":{"AgentInfo.ToProto":{"count":661041,"self":2.4537036,"total":148.63372959999998,"children":{"GenerateSensorData":{"count":661041,"self":7.2314944,"total":146.180026,"children":{"CameraSensor.GetCompressedObservation":{"count":661041,"self":138.9485312,"total":138.9485319,"children":null}}}}}}}}},"DecideAction":{"count":1101734,"self":1595.675648,"total":1595.6756670999998,"children":null},"AgentAct":{"count":1101734,"self":23.819947199999998,"total":23.972058399999998,"children":{"AgentInfo.ToProto":{"count":660,"self":0.0005042,"total":0.152111,"children":{"GenerateSensorData":{"count":660,"self":0.0059892,"total":0.15160679999999999,"children":{"CameraSensor.GetCompressedObservation":{"count":660,"self":0.14561759999999999,"total":0.14561759999999999,"children":null}}}}}}}},"gauges":{"VisualFoodCollector.CumulativeReward":{"count":660,"max":371.547821,"min":-326.3684,"runningAverage":227.6986,"value":288.441772,"weightedAverage":257.1756}},"metadata":{"timer_format_version":"0.1.0","start_time_seconds":"1740592227","unity_version":"6000.0.31f1","command_line_arguments":"C:\\Program Files\\Unity\\Hub\\Editor\\6000.0.31f1\\Editor\\Unity.exe -projectpath C:\\Users\\QTM\\Desktop\\case2025\\Tanklab -useHub -hubIPC -cloudEnvironment production","communication_protocol_version":"1.5.0","com.unity.ml-agents_version":"3.0.0","scene_name":"VisualFoodCollector","end_time_seconds":"1740595070"}}