{"count":1,"self":13.609744,"total":15.184047999999999,"children":{"InitializeActuators":{"count":2,"self":0.00097229999999999994,"total":0.00097229999999999994,"children":null},"InitializeSensors":{"count":2,"self":0.0025802999999999998,"total":0.0025802999999999998,"children":null},"AgentSendState":{"count":517,"self":0.427689,"total":0.4393794,"children":{"CollectObservations":{"count":208,"self":0.0010004999999999999,"total":0.0010004999999999999,"children":null},"WriteActionMask":{"count":208,"self":0.0010011,"total":0.0010011,"children":null},"RequestDecision":{"count":208,"self":0.0096888,"total":0.0096888,"children":null}}},"DecideAction":{"count":517,"self":0.07685779999999999,"total":1.1062021,"children":{"CameraSensor.WriteToTensor":{"count":208,"self":1.0293443,"total":1.0293443,"children":null}}},"AgentAct":{"count":517,"self":0.025170699999999997,"total":0.025170699999999997,"children":null}},"gauges":{},"metadata":{"timer_format_version":"0.1.0","start_time_seconds":"1740511231","unity_version":"6000.0.31f1","command_line_arguments":"C:\\Program Files\\Unity\\Hub\\Editor\\6000.0.31f1\\Editor\\Unity.exe -projectpath C:\\Users\\QTM\\Desktop\\case2025\\My project -useHub -hubIPC -cloudEnvironment production","communication_protocol_version":"1.5.0","com.unity.ml-agents_version":"3.0.0","scene_name":"VisualFoodCollector","end_time_seconds":"1740511246"}}