{
    "name": "root",
    "gauges": {
        "VisualFoodCollector.Policy.Entropy.mean": {
            "value": -0.13706864416599274,
            "min": -0.13706864416599274,
            "max": 1.4166351556777954,
            "count": 404
        },
        "VisualFoodCollector.Policy.Entropy.sum": {
            "value": -5469.0390625,
            "min": -5480.67822265625,
            "max": 56948.734375,
            "count": 404
        },
        "VisualFoodCollector.Step.mean": {
            "value": 16159908.0,
            "min": 39900.0,
            "max": 16159908.0,
            "count": 404
        },
        "VisualFoodCollector.Step.sum": {
            "value": 16159908.0,
            "min": 39900.0,
            "max": 16159908.0,
            "count": 404
        },
        "VisualFoodCollector.Policy.ExtrinsicValueEstimate.mean": {
            "value": 24.854116439819336,
            "min": -0.15191425383090973,
            "max": 25.94161605834961,
            "count": 404
        },
        "VisualFoodCollector.Policy.ExtrinsicValueEstimate.sum": {
            "value": 9941.646484375,
            "min": -60.76570129394531,
            "max": 10376.646484375,
            "count": 404
        },
        "VisualFoodCollector.TotalScore.mean": {
            "value": 0.0,
            "min": 0.0,
            "max": 0.0,
            "count": 404
        },
        "VisualFoodCollector.TotalScore.sum": {
            "value": 0.0,
            "min": 0.0,
            "max": 0.0,
            "count": 404
        },
        "VisualFoodCollector.Environment.EpisodeLength.mean": {
            "value": 999.0,
            "min": 976.35,
            "max": 999.0,
            "count": 404
        },
        "VisualFoodCollector.Environment.EpisodeLength.sum": {
            "value": 39960.0,
            "min": 38907.0,
            "max": 41958.0,
            "count": 404
        },
        "VisualFoodCollector.Environment.CumulativeReward.mean": {
            "value": 261.88251047115773,
            "min": -1.8133352597554524,
            "max": 261.88251047115773,
            "count": 404
        },
        "VisualFoodCollector.Environment.CumulativeReward.sum": {
            "value": 10475.30041884631,
            "min": -70.72007513046265,
            "max": 10728.101619124413,
            "count": 404
        },
        "VisualFoodCollector.Policy.ExtrinsicReward.mean": {
            "value": 261.88251047115773,
            "min": -1.8133352597554524,
            "max": 261.88251047115773,
            "count": 404
        },
        "VisualFoodCollector.Policy.ExtrinsicReward.sum": {
            "value": 10475.30041884631,
            "min": -70.72007513046265,
            "max": 10728.101619124413,
            "count": 404
        },
        "VisualFoodCollector.Losses.PolicyLoss.mean": {
            "value": 0.02862150458161826,
            "min": 0.019942729706235698,
            "max": 0.0385521303183244,
            "count": 404
        },
        "VisualFoodCollector.Losses.PolicyLoss.sum": {
            "value": 0.11448601832647304,
            "min": 0.061924346381541304,
            "max": 0.1542085212732976,
            "count": 404
        },
        "VisualFoodCollector.Losses.ValueLoss.mean": {
            "value": 8.223107715447744,
            "min": 0.31894310271988313,
            "max": 10.112742106119793,
            "count": 404
        },
        "VisualFoodCollector.Losses.ValueLoss.sum": {
            "value": 32.89243086179098,
            "min": 1.0092895711461702,
            "max": 40.45096842447917,
            "count": 404
        },
        "VisualFoodCollector.Policy.LearningRate.mean": {
            "value": 0.00029838612473795855,
            "min": 0.00029838612473795855,
            "max": 0.00029999790000070003,
            "count": 404
        },
        "VisualFoodCollector.Policy.LearningRate.sum": {
            "value": 0.0011935444989518342,
            "min": 0.0008951940792019742,
            "max": 0.0011999769000076996,
            "count": 404
        },
        "VisualFoodCollector.Policy.Epsilon.mean": {
            "value": 0.19946204140000007,
            "min": 0.19946204140000007,
            "max": 0.1999993,
            "count": 404
        },
        "VisualFoodCollector.Policy.Epsilon.sum": {
            "value": 0.7978481656000003,
            "min": 0.5983980258666666,
            "max": 0.7999923,
            "count": 404
        },
        "VisualFoodCollector.Policy.Beta.mean": {
            "value": 0.00497315586586,
            "min": 0.00497315586586,
            "max": 0.00499996507,
            "count": 404
        },
        "VisualFoodCollector.Policy.Beta.sum": {
            "value": 0.01989262346344,
            "min": 0.01492006149074667,
            "max": 0.019999615769999996,
            "count": 404
        },
        "VisualFoodCollector.IsTraining.mean": {
            "value": 1.0,
            "min": 1.0,
            "max": 1.0,
            "count": 404
        },
        "VisualFoodCollector.IsTraining.sum": {
            "value": 1.0,
            "min": 1.0,
            "max": 1.0,
            "count": 404
        }
    },
    "metadata": {
        "timer_format_version": "0.1.0",
        "start_time_seconds": "1740521566",
        "python_version": "3.10.12 | packaged by conda-forge | (main, Jun 23 2023, 22:34:57) [MSC v.1936 64 bit (AMD64)]",
        "command_line_arguments": "C:\\Users\\QTM\\miniforge3\\envs\\mlagents\\Scripts\\mlagents-learn config/ppo/VisualFoodCollector.yaml --run-id=VisualFoodCollector_round2 --force",
        "mlagents_version": "1.1.0",
        "mlagents_envs_version": "1.1.0",
        "communication_protocol_version": "1.5.0",
        "pytorch_version": "2.2.2+cu121",
        "numpy_version": "1.23.5",
        "end_time_seconds": "1740591431"
    },
    "total": 69864.8213667,
    "count": 1,
    "self": 0.005451599950902164,
    "children": {
        "run_training.setup": {
            "total": 0.07607289997395128,
            "count": 1,
            "self": 0.07607289997395128
        },
        "TrainerController.start_learning": {
            "total": 69864.73984220007,
            "count": 1,
            "self": 73.47127954184543,
            "children": {
                "TrainerController._reset_env": {
                    "total": 13.92573480005376,
                    "count": 1,
                    "self": 13.92573480005376
                },
                "TrainerController.advance": {
                    "total": 69777.21997035819,
                    "count": 5398510,
                    "self": 75.14696369692683,
                    "children": {
                        "env_step": {
                            "total": 62458.837265495444,
                            "count": 5398510,
                            "self": 47311.901446661446,
                            "children": {
                                "SubprocessEnvManager._take_step": {
                                    "total": 15074.384736174601,
                                    "count": 5398510,
                                    "self": 227.21944514638744,
                                    "children": {
                                        "TorchPolicy.evaluate": {
                                            "total": 14847.165291028214,
                                            "count": 5395106,
                                            "self": 14847.165291028214
                                        }
                                    }
                                },
                                "workers": {
                                    "total": 72.55108265939634,
                                    "count": 5398509,
                                    "self": 0.0,